{"env_measures": {"canopy_pct": "Tree canopy % (all)", "natural_canopy_pct": "Tree canopy % (natural)", "mean_lst": "Summer surface temp (\u00b0C)", "mean_ndvi": "NDVI (vegetation)"}, "building_medians": {"canopy_pct": {"subsidized": 16.22, "noah": 19.36, "market_rate": 11.67, "unknown": 8.12}, "natural_canopy_pct": {"subsidized": 10.78, "noah": 14.24, "market_rate": 7.73, "unknown": 5.35}, "mean_lst": {"subsidized": 40.86, "noah": 40.38, "market_rate": 40.81, "unknown": 40.66}, "mean_ndvi": {"subsidized": 0.43, "noah": 0.5, "market_rate": 0.38, "unknown": 0.41}}, "bg_corr": {"canopy_pct": {"rho": -0.155, "p": 2.592307079347898e-26, "n": 4627}, "natural_canopy_pct": {"rho": -0.161, "p": 3.416931733134291e-28, "n": 4627}, "mean_lst": {"rho": 0.196, "p": 2.592429169737952e-41, "n": 4650}, "mean_ndvi": {"rho": -0.172, "p": 2.8950583282534556e-32, "n": 4650}}, "paradox": {"bg_canopy_with_lihtc": 30.8, "bg_canopy_without_lihtc": 38.1, "building_canopy_lihtc": 16.22, "building_canopy_market": 11.67}, "rent_validation": {"subsidized": 71.3, "noah": 75.1, "market_rate": 31.3, "unknown": 46.2}, "flood_share": {"overall": 5.3, "by_type": {"subsidized": {"pct": 6.2, "n": 37}, "noah": {"pct": 5.1, "n": 123}, "market_rate": {"pct": 5.1, "n": 102}, "unknown": {"pct": 5.8, "n": 21}}}, "type_corr": {"building": {"subsidized": {"canopy_pct": {"r": -0.02, "p": 0.14968352685858569, "n": 5364}, "natural_canopy_pct": {"r": -0.026, "p": 0.05974846800816721, "n": 5364}, "mean_lst": {"r": 0.047, "p": 0.0005589585692352546, "n": 5362}, "mean_ndvi": {"r": -0.037, "p": 0.006996008016952118, "n": 5364}}, "noah": {"canopy_pct": {"r": 0.102, "p": 7.296634949241006e-14, "n": 5364}, "natural_canopy_pct": {"r": 0.078, "p": 9.464173074176846e-09, "n": 5364}, "mean_lst": {"r": -0.031, "p": 0.022574650862123225, "n": 5362}, "mean_ndvi": {"r": 0.198, "p": 1.8497283579625964e-48, "n": 5364}}, "market_rate": {"canopy_pct": {"r": -0.118, "p": 4.706702778834795e-18, "n": 5364}, "natural_canopy_pct": {"r": -0.106, "p": 7.61871991698824e-15, "n": 5364}, "mean_lst": {"r": 0.015, "p": 0.2857354528073114, "n": 5362}, "mean_ndvi": {"r": -0.174, "p": 1.4713146362331937e-37, "n": 5364}}}, "block_group": {"subsidized": {"canopy_pct": {"r": -0.108, "p": 6.210833122611247e-06, "n": 1736}, "natural_canopy_pct": {"r": -0.109, "p": 5.472968934302384e-06, "n": 1736}, "mean_lst": {"r": 0.13, "p": 5.8269624861604916e-08, "n": 1737}, "mean_ndvi": {"r": -0.114, "p": 2.0224887132679637e-06, "n": 1737}}, "noah": {"canopy_pct": {"r": 0.025, "p": 0.2933181605508074, "n": 1736}, "natural_canopy_pct": {"r": 0.026, "p": 0.2864071434717145, "n": 1736}, "mean_lst": {"r": 0.021, "p": 0.3868288521475997, "n": 1737}, "mean_ndvi": {"r": 0.067, "p": 0.0053143024900069715, "n": 1737}}, "market_rate": {"canopy_pct": {"r": 0.003, "p": 0.885709740432622, "n": 1736}, "natural_canopy_pct": {"r": -0.003, "p": 0.8936772110636888, "n": 1736}, "mean_lst": {"r": -0.058, "p": 0.015532142182521698, "n": 1737}, "mean_ndvi": {"r": -0.05, "p": 0.0366382218062293, "n": 1737}}}}}